V1,V2,V3,V4,V5,V6,V7,V8,V9,V10,condition,consentI,ContrInfo,ID,consentC,MalleableC_1,MalleableC_2,MalleableC_3,MalleableC_4,Expect_1,Expect_2,Expect_3,ImplicitB_1,ImplicitB_2,ImplicitB_3,ImplicitB_4,ImplicitB_5,ImplicitB_6,Workload_1,Workload_2,Workload_3,Workload_4,Workload_5,Workload_6,Q10,LocationLatitude,LocationLongitude,LocationAccuracy
ResponseID,ResponseSet,Name,ExternalDataReference,EmailAddress,IPAddress,Status,StartDate,EndDate,Finished,condition,Consent,"Thanks for your interest in the study! Before you decide whether to / take part, we would like to g...",ID,Consent,Answer the questions below using the scale provided.-I believe I have the ability to change my cognitive ability considerably over time.,Answer the questions below using the scale provided.-With enough time and effort I think I could significantly improve my cognitive abilities.,Answer the questions below using the scale provided.-My cognitive abilities are something about me that I personally can’t change very much.,"Answer the questions below using the scale provided.-To be honest, I don’t think I can really change my cognitive abilities.",Answer the questions below using the scale provided.-I believe taking part in this study will improve my cognitive abilities.,"Answer the questions below using the scale provided.-Regardless of my current cognitive ability, I think I can benefit from this study.",Answer the questions below using the scale provided.-I don’t think doing the training tasks will do much to improve my cognitive abilities.,"Answer the questions below using the scale provided.-Strenuous mental activity exhausts your resources, which you need to refuel afterwards (e.g. through taking breaks, doing nothing, watching television, eating snacks).","Answer the questions below using the scale provided.-After a strenuous mental activity, your energy is depleted and you must rest to get it refuelled again.","Answer the questions below using the scale provided.-When you have been working on a strenuous mental task, you feel energised and you are able to immediately start with another demanding activity.","Answer the questions below using the scale provided.-Your mental stamina fuels itself. Even after strenuous mental exertion, you can continue doing more of it.","Answer the questions below using the scale provided.-When you have completed a strenuous mental activity, you cannot start another activity immediately with the same concentration because you have to recover your mental energy again.","Answer the questions below using the scale provided.-After a strenuous mental activity, you feel energised for further challenging activities."," Using a scale of 1 to 21, answer the questions below.-How mentally demanding do you expect this 30-day training study to be?"," Using a scale of 1 to 21, answer the questions below.-How physically demanding do you expect this 30-day training study to be?"," Using a scale of 1 to 21, answer the questions below.-How hurried or rushed do you think the pace of the study is?"," Using a scale of 1 to 21, answer the questions below.-How successful do you think you will be in accomplishing what you have been asked to do for the next 30 days?"," Using a scale of 1 to 21, answer the questions below.-How hard do you think you have to work for the next 30 days to accomplish what you have been asked to do?"," Using a scale of 1 to 21, answer the questions below.-How insecure, discouraged, irritated, stressed, and annoyed do you think you will feel over the course of this 30-day training study?",Thanks for becoming a participant in our study. / Starting from tomorrow (and for the next 30 days)...,LocationLatitude,LocationLongitude,LocationAccuracy
R_1eCQEdLmpgjpFwK,Default Response Set,Anonymous,,,139.184.223.149,0,2015-03-12 19:37,2015-03-12 19:44,1,control,,1,1,1,2,4,4,1,3,5,4,1,1,6,6,4,6,16,12,17,14,16,19,1,50.82460022,-0.155502319,-1
R_DNWzxibw4F3jzKp,Default Response Set,Anonymous,,,82.6.25.163,0,2015-03-12 21:58,2015-03-12 22:07,1,control,,1,2,1,6,6,1,1,6,6,2,6,6,3,2,6,2,18,18,10,19,11,13,1,50.82240295,-0.11050415,-1
R_1Oj15BRKyiNiuki,Default Response Set,Anonymous,,,82.2.185.163,0,2015-03-13 8:47,2015-03-13 8:50,1,intervention,1,,3,,5,5,2,2,4,4,3,6,6,2,3,4,4,12,2,8,16,17,2,1,50.82460022,-0.155502319,-1
R_egkkGkYt0lOnfAp,Default Response Set,Anonymous,,,82.6.26.10,0,2015-03-13 14:54,2015-03-13 15:08,1,intervention,1,,4,,5,5,2,2,5,5,2,4,3,2,3,2,4,15,8,2,16,20,2,1,50.83329773,-0.183303833,-1
R_1QoRJjRuulRiUzM,Default Response Set,Anonymous,,,81.108.179.234,0,2015-03-14 12:12,2015-03-14 12:18,1,control,,1,5,1,2,2,3,5,2,3,5,3,3,4,4,3,4,5,1,7,21,5,3,1,50.82460022,-0.155502319,-1
R_6PuLT6pf86LJiYZ,Default Response Set,Anonymous,,,139.184.223.193,0,2015-03-14 12:25,2015-03-14 12:29,1,control,,1,6,1,5,6,2,2,6,6,2,6,6,1,1,6,1,10,1,1,9,7,13,1,50.82460022,-0.155502319,-1
R_1ddhJcqWYoamrbA,Default Response Set,Anonymous,,,86.10.164.179,0,2015-03-14 13:23,2015-03-14 13:47,1,intervention,1,,7,,6,6,1,1,4,4,3,4,5,2,2,5,2,11,1,7,11,15,1,1,50.82240295,-0.11050415,-1
R_ZBRuZA4NsoFKwSd,Default Response Set,Anonymous,,,86.177.132.60,0,2015-03-14 16:24,2015-03-14 16:30,1,intervention,1,,8,,5,5,1,2,4,6,3,5,4,4,4,1,5,10,3,3,21,10,3,1,51.51420593,-0.093093872,-1
R_24i3i55Msvs8vkd,Default Response Set,Anonymous,,,31.53.178.219,0,2015-03-14 17:48,2015-03-14 17:54,1,intervention,1,,9,,6,6,2,2,4,6,1,5,5,4,4,5,4,14,13,5,21,12,3,1,50.80490112,-1.391403198,-1
R_3KBMwFYruvR77UB,Default Response Set,Anonymous,,,139.184.223.236,0,2015-03-14 18:56,2015-03-14 19:01,1,intervention,1,,10,,5,5,3,2,5,5,2,4,3,2,3,3,3,16,12,10,17,16,4,1,50.82460022,-0.155502319,-1
R_3R1rLX3ZMam4wnA,Default Response Set,Anonymous,,,82.6.157.212,0,2015-03-14 19:17,2015-03-14 19:24,1,intervention,1,,11,,3,4,2,2,4,5,2,5,4,3,3,4,3,12,10,10,12,14,15,1,50.83329773,-0.149993896,-1
R_74ygcR5IEG6p8w9,Default Response Set,Anonymous,,,81.103.238.223,0,2015-03-14 20:39,2015-03-14 20:51,1,intervention,1,,12,,5,6,2,1,5,6,2,5,5,3,4,3,3,17,1,10,15,15,8,1,50.82240295,-0.11050415,-1
R_86N2w3hzxRGANgh,Default Response Set,Anonymous,,,139.184.223.191,0,2015-03-14 20:44,2015-03-14 22:00,1,intervention,1,,13,,6,6,2,1,3,4,3,2,3,2,4,3,3,15,12,7,21,8,2,1,50.82460022,-0.155502319,-1
R_2zvkYcMp5lBfopD,Default Response Set,Anonymous,,,139.184.223.135,0,2015-03-14 22:42,2015-03-14 22:48,1,intervention,1,,14,,6,6,1,1,4,4,3,3,3,2,2,3,2,6,5,2,19,8,1,1,50.82460022,-0.155502319,-1
R_3rZHcGoQ8t0th02,Default Response Set,Anonymous,,,86.147.61.41,0,2015-03-14 23:30,2015-03-14 23:35,1,intervention,1,,15,,3,4,2,2,3,4,3,6,5,2,2,5,2,10,8,10,15,10,7,1,50.86689758,-1.001296997,-1
R_1DHn4CtImrahflZ,Default Response Set,Anonymous,,,86.10.161.34,0,2015-03-14 23:53,2015-03-15 0:06,1,intervention,1,,16,,6,5,2,2,4,4,2,5,5,2,2,2,3,10,3,2,19,6,4,1,50.82240295,-0.11050415,-1
R_3PYWEkOY1OAPFW3,Default Response Set,Anonymous,,,139.184.223.136,0,2015-03-15 9:43,2015-03-15 9:50,1,intervention,1,,17,,3,4,3,2,4,4,3,6,6,3,2,5,5,11,10,12,16,12,11,1,50.82460022,-0.155502319,-1
R_1Q47V3sMtHuVhOc,Default Response Set,Anonymous,,,2.102.155.136,0,2015-03-15 15:28,2015-03-15 15:33,1,intervention,1,,18,,5,5,2,1,5,5,2,5,5,3,3,3,4,16,11,5,18,15,7,1,50.96670532,-0.133300781,-1
R_1KZ8zbF0iA6Notn,Default Response Set,Anonymous,,,139.184.223.148,0,2015-03-15 18:35,2015-03-15 18:44,1,intervention,1,,19,,4,4,5,2,4,5,2,5,3,3,2,5,2,13,1,8,18,10,8,1,50.82460022,-0.155502319,-1
R_2zVcEjZ9l7vMNNU,Default Response Set,Anonymous,,,139.184.182.112,0,2015-03-15 22:35,2015-03-15 22:41,1,intervention,1,,20,,5,5,2,2,4,4,3,3,4,2,2,4,3,10,6,9,11,11,14,1,51.6499939,-0.166702271,-1
R_ewwIa0dBA37tJsN,Default Response Set,Anonymous,,,139.184.182.70,0,2015-03-15 22:34,2015-03-15 22:42,1,intervention,1,,21,,5,5,2,2,5,5,2,5,5,3,2,4,3,14,13,6,14,14,8,1,51.6499939,-0.166702271,-1
R_2CJrehdLi7UAZvz,Default Response Set,Anonymous,,,139.184.223.225,0,2015-03-16 0:57,2015-03-16 1:04,1,intervention,1,,22,,6,6,2,1,5,5,2,2,2,4,5,2,5,5,2,5,17,5,2,1,50.82460022,-0.155502319,-1
R_BP7V8WR3341niEN,Default Response Set,Anonymous,,,86.7.230.61,0,2015-03-16 1:44,2015-03-16 1:53,1,intervention,1,,23,,3,4,2,2,3,5,2,2,4,4,5,3,4,15,7,4,17,12,4,1,50.82460022,-0.155502319,-1
R_9ZEBpZmmdwdZVG9,Default Response Set,Anonymous,,,82.132.222.197,0,2015-03-16 10:19,2015-03-16 10:30,1,control,,1,24,1,5,5,2,1,5,4,2,6,5,2,2,5,3,12,2,8,17,14,9,1,51.51420593,-0.093093872,-1
R_1lmKSjh1DNUsXsF,Default Response Set,Anonymous,,,149.254.49.42,0,2015-03-16 10:48,2015-03-16 10:54,1,control,,1,25,1,6,6,1,1,5,5,2,5,4,3,3,4,4,10,3,7,11,11,5,1,51.51420593,-0.093093872,-1
R_3iFswhSZUsZCJra,Default Response Set,Anonymous,,,86.27.83.83,0,2015-03-16 11:03,2015-03-16 11:10,1,control,,1,26,1,4,4,3,3,4,4,3,5,5,3,3,4,4,10,6,6,15,8,6,1,50.82460022,-0.155502319,-1
R_0BPtclG8miAC3Rf,Default Response Set,Anonymous,,,139.184.49.112,0,2015-03-16 12:27,2015-03-16 12:39,1,control,,1,27,1,5,5,2,2,4,6,3,3,3,4,5,3,5,15,15,3,21,11,2,1,50.82460022,-0.155502319,-1
R_Wf9YLCY3RR4kql3,Default Response Set,Anonymous,,,139.184.49.196,0,2015-03-16 12:31,2015-03-16 12:42,1,control,,1,28,1,4,4,3,2,3,3,3,5,5,2,2,4,2,13,2,5,19,8,4,1,50.82460022,-0.155502319,-1
R_bjPHvjYcPwZdYxH,Default Response Set,Anonymous,,,139.184.223.219,0,2015-03-16 15:40,2015-03-16 15:48,1,control,,1,29,1,6,6,1,1,4,5,3,3,3,4,5,2,5,7,1,9,18,7,3,1,50.82460022,-0.155502319,-1
R_28OMhuxDMMVqYYU,Default Response Set,Anonymous,,,109.151.168.1,0,2015-03-17 0:01,2015-03-17 0:05,1,control,,1,30,1,2,2,4,4,3,5,3,6,4,4,3,4,5,10,3,5,17,9,16,1,51.10629272,-0.450195313,-1
R_12A4AhfwHCMaBNF,Default Response Set,Anonymous,,,139.184.178.255,0,2015-03-17 11:46,2015-03-17 11:52,1,control,,1,31,1,5,5,2,2,4,5,3,5,5,2,4,3,3,12,5,1,19,8,5,1,50.82240295,-0.11050415,-1
R_5auO8vrYvo4fXnX,Default Response Set,Anonymous,,,81.106.144.22,0,2015-03-17 17:08,2015-03-17 17:11,1,control,,1,32,1,5,4,2,2,5,5,2,6,5,2,2,4,2,13,1,4,18,10,11,1,50.82240295,-0.11050415,-1
R_2AGxcLcEDL47Q0n,Default Response Set,Anonymous,,,139.184.179.93,0,2015-03-17 17:29,2015-03-17 17:40,1,control,,1,33,1,6,6,1,1,4,6,3,5,5,2,2,5,3,10,2,2,21,5,1,1,50.82240295,-0.11050415,-1
R_2aFeC2VezdhexXM,Default Response Set,Anonymous,,,2.121.89.108,0,2015-03-17 17:38,2015-03-17 17:44,1,control,,1,34,1,5,6,2,1,5,5,3,6,6,1,5,5,3,10,5,12,15,14,13,1,50.83329773,-0.233306885,-1
R_cCFvn6g3pfckatD,Default Response Set,Anonymous,,,139.184.223.190,0,2015-03-17 17:41,2015-03-17 17:45,1,control,,1,35,1,4,5,2,2,4,4,3,6,5,3,2,5,2,13,2,1,19,14,1,1,50.82460022,-0.155502319,-1
R_2zNQpiW9vqaoIPv,Default Response Set,Anonymous,,,86.112.219.88,0,2015-03-17 17:42,2015-03-17 17:50,1,control,,1,36,1,5,5,3,2,3,4,5,5,4,5,3,4,3,7,3,4,14,7,3,1,51.5,-0.130004883,-1
R_a3jtZJtKRQZeWlT,Default Response Set,Anonymous,,,139.184.223.199,0,2015-03-17 17:51,2015-03-17 17:55,1,control,,1,37,1,3,3,5,4,3,3,3,5,4,2,2,5,2,15,7,13,17,17,13,1,50.82460022,-0.155502319,-1
R_3GoK1SCg1DeEh6E,Default Response Set,Anonymous,,,176.248.130.196,0,2015-03-17 17:43,2015-03-17 17:56,1,control,,1,38,1,5,6,2,2,4,4,3,6,6,2,2,6,6,15,10,10,15,15,12,1,50.83329773,-0.149993896,-1
R_2zqJh9JG091dB2m,Default Response Set,Anonymous,,,139.184.223.183,0,2015-03-18 2:38,2015-03-18 2:42,1,intervention,1,,39,,5,6,2,2,4,5,2,5,5,2,2,5,2,14,5,5,18,3,10,1,50.82460022,-0.155502319,-1
R_DCNBL129UtZ1DoJ,Default Response Set,Anonymous,,,86.156.24.179,0,2015-03-18 11:30,2015-03-18 11:35,1,intervention,1,,40,,6,5,2,1,2,4,2,2,1,5,5,2,4,5,1,9,15,8,1,1,50.96670532,0.100006104,-1
R_8DglMYFAk4s2ac1,Default Response Set,Anonymous,,,2.96.226.125,0,2015-03-18 11:48,2015-03-18 11:53,1,intervention,1,,41,,3,4,4,4,4,5,4,5,5,3,3,5,3,18,17,13,16,18,16,1,50.80000305,-0.366699219,-1
R_3HpqyR1we30r0QF,Default Response Set,Anonymous,,,89.243.57.220,0,2015-03-18 12:21,2015-03-18 12:25,1,intervention,1,,42,,5,5,2,2,4,4,3,4,4,3,2,4,3,10,2,4,17,5,1,1,51.05000305,0.149993896,-1
R_2BsKpds42wtd3S1,Default Response Set,Anonymous,,,31.122.198.129,0,2015-03-18 13:51,2015-03-18 13:57,1,intervention,1,,43,,4,4,3,4,5,5,3,4,5,2,3,5,2,16,10,10,18,17,16,1,51.51420593,-0.093093872,-1
R_2m1rSa5yYUvahTb,Default Response Set,Anonymous,,,139.184.223.196,0,2015-03-18 13:56,2015-03-18 14:08,1,intervention,1,,44,,4,4,3,3,4,4,3,5,5,2,3,5,2,14,17,6,19,17,8,1,50.82460022,-0.155502319,-1
R_1fjTSvDw5drRCZj,Default Response Set,Anonymous,,,81.155.47.216,0,2015-03-18 14:53,2015-03-18 15:00,1,intervention,1,,45,,5,5,2,2,3,4,3,5,4,3,3,4,3,12,8,6,16,14,3,1,50.82600403,-0.161193848,-1
R_1oj36IEoUEirwkL,Default Response Set,Anonymous,,,81.100.118.79,0,2015-03-18 15:30,2015-03-18 15:42,1,intervention,1,,46,,3,5,3,3,3,6,2,2,3,3,3,3,3,12,12,11,11,15,7,1,50.82240295,-0.11050415,-1
R_2lPtuZElWK1IIQt,Default Response Set,Anonymous,,,217.35.96.129,0,2015-03-18 15:57,2015-03-18 16:05,1,intervention,1,,47,,4,4,2,2,4,4,2,1,2,3,3,3,3,12,8,9,18,12,4,1,51.5,-0.130004883,-1
R_3lLheQVibKjYPJU,Default Response Set,Anonymous,,,139.184.223.163,0,2015-03-18 17:50,2015-03-18 17:55,1,intervention,1,,48,,5,5,3,2,3,3,4,2,2,2,4,3,3,17,15,7,17,18,9,1,50.82460022,-0.155502319,-1
R_2QrpfKLLilJPLwC,Default Response Set,Anonymous,,,139.184.178.141,0,2015-03-18 17:10,2015-03-18 17:56,1,intervention,1,,49,,1,6,1,1,6,6,1,6,6,1,1,6,1,10,10,6,16,18,12,1,50.82240295,-0.11050415,-1
R_25sc0rEWy8cZsba,Default Response Set,Anonymous,,,2.96.238.129,0,2015-03-18 17:46,2015-03-18 17:56,1,intervention,1,,50,,3,4,3,2,3,5,3,6,6,1,1,6,1,16,16,9,14,16,17,1,50.83329773,-0.183303833,-1
R_3Ej2jgBp0bbhYl5,Default Response Set,Anonymous,,,139.184.223.230,0,2015-03-18 17:54,2015-03-18 18:04,1,intervention,1,,51,,5,5,2,1,4,4,2,5,5,2,1,4,2,4,1,1,19,6,3,1,50.82460022,-0.155502319,-1
R_8CyeSNhZ0Ze7Rol,Default Response Set,Anonymous,,,139.184.178.105,0,2015-03-18 18:18,2015-03-18 18:21,1,intervention,1,,52,,4,4,5,4,4,5,5,5,5,5,5,3,4,9,9,8,21,15,7,1,50.82240295,-0.11050415,-1
R_3Op2rVIu2Cgu9Y9,Default Response Set,Anonymous,,,95.143.227.70,0,2015-03-18 18:18,2015-03-18 18:24,1,intervention,1,,53,,6,6,2,1,4,4,2,3,3,1,4,3,2,7,5,3,20,11,2,1,47.09199524,16.28729248,-1
R_2b3N4vjkPTwmrtR,Default Response Set,Anonymous,,,146.200.167.13,0,2015-03-18 18:22,2015-03-18 18:28,1,intervention,1,,54,,3,4,3,2,4,5,2,4,3,3,2,4,2,12,8,11,12,11,10,1,53.36669922,-1.5,-1
R_errFpLo17IjQrn7,Default Response Set,Anonymous,,,139.184.223.202,0,2015-03-18 18:47,2015-03-18 19:08,1,intervention,1,,55,,5,5,1,1,5,6,2,2,2,5,5,2,6,11,1,11,20,2,1,1,50.82460022,-0.155502319,-1
R_24jXQRmcU4vQoHJ,Default Response Set,Anonymous,,,146.200.36.162,0,2015-03-18 19:40,2015-03-18 19:48,1,intervention,1,,56,,5,5,2,2,4,5,2,6,6,1,1,6,1,15,18,6,19,19,20,1,53.36669922,-1.5,-1
R_22FYnROxvlNH3l2,Default Response Set,Anonymous,,,139.184.223.139,0,2015-03-18 20:41,2015-03-18 20:44,1,intervention,1,,57,,4,3,2,2,3,4,3,5,5,2,2,4,2,15,3,10,10,14,11,1,50.82460022,-0.155502319,-1
R_3kNDIPet41eugqc,Default Response Set,Anonymous,,,86.153.199.29,0,2015-03-18 20:43,2015-03-18 20:47,1,intervention,1,,58,,1,1,4,5,1,1,6,3,4,4,4,3,3,5,2,16,18,1,3,1,51.02830505,-0.097305298,-1
R_pt2DuFVEB3c5WVj,Default Response Set,Anonymous,,,139.184.223.139,0,2015-03-18 20:47,2015-03-18 20:52,1,intervention,1,,59,,3,3,3,3,3,4,3,5,5,1,1,5,1,10,1,1,14,10,4,1,50.82460022,-0.155502319,-1
R_2CJ3ABHFjM168Lk,Default Response Set,Anonymous,,,139.184.223.151,0,2015-03-18 21:03,2015-03-18 21:18,1,intervention,1,,60,,3,6,3,2,3,6,4,5,3,4,4,6,6,12,21,1,17,11,20,1,50.82460022,-0.155502319,-1
R_43eaacggPh3zvxz,Default Response Set,Anonymous,,,128.97.145.193,0,2015-03-18 22:47,2015-03-18 22:53,1,intervention,1,,61,,6,6,1,1,4,5,3,6,6,1,2,5,2,15,2,8,17,5,9,1,33.78660583,-118.2986984,-1
R_eyzFkSU9MDVPsq1,Default Response Set,Anonymous,,,81.107.151.223,0,2015-03-18 23:10,2015-03-18 23:21,1,intervention,1,,62,,2,3,4,4,3,3,4,5,5,3,2,5,3,7,3,14,4,7,11,1,50.82460022,-0.155502319,-1
R_3OfBJiaGvyIV2V7,Default Response Set,Anonymous,,,109.145.151.141,0,2015-03-19 0:06,2015-03-19 0:20,1,intervention,1,,63,,5,5,2,1,3,4,3,5,3,4,3,5,5,9,5,11,16,21,3,1,51.51420593,-0.093093872,-1
R_3eK4Lrv8vbdcBkp,Default Response Set,Anonymous,,,188.29.164.104,0,2015-03-19 1:51,2015-03-19 2:00,1,intervention,1,,64,,4,5,3,3,4,5,3,5,4,2,3,6,3,11,9,5,9,15,12,1,51.51420593,-0.093093872,-1
R_3xutOy6DGvSStxj,Default Response Set,Anonymous,,,139.184.223.143,0,2015-03-19 2:24,2015-03-19 2:52,1,intervention,1,,65,,5,6,1,1,5,5,2,4,6,3,1,3,2,15,15,5,16,11,5,1,50.82460022,-0.155502319,-1
R_24yddGwOQkPZ0r3,Default Response Set,Anonymous,,,217.42.100.18,0,2015-03-19 8:22,2015-03-19 8:37,1,intervention,1,,66,,4,4,2,1,3,4,4,5,4,3,2,3,3,10,5,5,18,15,8,1,50.94999695,0.266693115,-1
R_byptB26HcwgS91z,Default Response Set,Anonymous,,,81.102.249.198,0,2015-03-19 9:02,2015-03-19 9:06,1,intervention,1,,67,,5,5,2,2,4,5,2,5,5,2,2,5,3,13,10,10,11,13,12,1,50.82460022,-0.155502319,-1
R_1YQuQfhLBxXZWgB,Default Response Set,Anonymous,,,80.7.17.186,0,2015-03-19 11:02,2015-03-19 11:10,1,control,,1,68,1,4,4,3,3,4,4,1,4,2,3,3,2,4,10,1,1,15,5,1,1,50.82460022,-0.155502319,-1
R_5aHhSIauCEpD51H,Default Response Set,Anonymous,,,139.184.223.122,0,2015-03-19 11:05,2015-03-19 11:10,1,control,,1,69,1,4,3,2,2,3,3,3,5,5,4,3,4,3,16,7,11,14,13,8,1,50.82460022,-0.155502319,-1
R_3K1ApkqTEhvzKmh,Default Response Set,Anonymous,,,90.199.185.71,0,2015-03-19 11:12,2015-03-19 11:21,1,control,,1,70,1,3,4,4,6,3,5,4,6,6,1,3,6,1,18,19,12,18,18,12,1,50.83329773,-0.149993896,-1
R_8iDSz9vA8937H7v,Default Response Set,Anonymous,,,139.184.223.222,0,2015-03-19 11:16,2015-03-19 11:22,1,control,,1,71,1,5,5,2,1,4,5,3,5,5,2,2,5,2,10,4,8,15,9,5,1,50.82460022,-0.155502319,-1
R_9ylsi5NMbEm1r7v,Default Response Set,Anonymous,,,139.184.223.164,0,2015-03-19 11:22,2015-03-19 11:27,1,control,,1,72,1,5,5,2,1,6,6,2,3,3,4,4,2,4,13,1,4,16,12,3,1,50.82460022,-0.155502319,-1
R_3CxO3egEqNBVapT,Default Response Set,Anonymous,,,139.184.223.143,0,2015-03-19 11:14,2015-03-19 11:33,1,control,,1,73,1,5,6,2,1,4,4,2,5,5,2,3,4,2,15,5,7,19,15,4,1,50.82460022,-0.155502319,-1
R_cGQQJpdpi2Vx0gJ,Default Response Set,Anonymous,,,139.184.223.208,0,2015-03-19 11:27,2015-03-19 11:35,1,control,,1,74,1,6,6,1,1,4,4,3,6,6,2,2,3,3,5,2,16,19,8,7,1,50.82460022,-0.155502319,-1
R_dc0T1dciEpWJ3G5,Default Response Set,Anonymous,,,139.184.223.186,0,2015-03-19 11:30,2015-03-19 11:36,1,control,,1,75,1,5,5,2,1,5,5,1,6,6,2,2,5,2,16,12,12,16,19,11,1,50.82460022,-0.155502319,-1
R_8wT8JDelkFnP6x7,Default Response Set,Anonymous,,,139.184.223.123,0,2015-03-19 11:30,2015-03-19 11:38,1,control,,1,76,1,4,5,2,1,3,4,3,5,5,2,2,5,3,10,5,11,15,10,5,1,50.82460022,-0.155502319,-1
R_5C4hWzfX7Y04Vs9,Default Response Set,Anonymous,,,139.184.223.151,0,2015-03-19 11:44,2015-03-19 11:51,1,control,,1,77,1,4,5,3,3,3,4,4,3,3,4,4,3,4,8,3,4,14,10,5,1,50.82460022,-0.155502319,-1
R_1BP6dNySlGotSRf,Default Response Set,Anonymous,,,139.184.223.149,0,2015-03-19 11:58,2015-03-19 12:04,1,control,,1,78,1,5,5,2,2,5,5,2,5,5,6,3,4,5,14,4,5,16,16,4,1,50.82460022,-0.155502319,-1
R_785QeppqtQFCWKF,Default Response Set,Anonymous,,,139.184.223.145,0,2015-03-19 12:18,2015-03-19 12:25,1,control,,1,79,1,5,6,2,2,4,4,3,5,5,2,2,4,3,10,2,4,16,13,5,1,50.82460022,-0.155502319,-1
R_8BxaV8L2wX0BoLr,Default Response Set,Anonymous,,,186.55.150.172,0,2015-03-19 12:26,2015-03-19 12:35,1,control,,1,80,1,5,4,2,1,3,5,3,6,2,3,3,4,4,9,4,14,14,4,4,1,-34.85809326,-56.17079926,-1
R_1QXkEW0vheMy9Gl,Default Response Set,Anonymous,,,139.184.223.131,0,2015-03-19 12:48,2015-03-19 12:51,1,control,,1,81,1,6,6,2,2,6,6,1,5,5,2,2,5,2,16,4,3,21,16,5,1,50.82460022,-0.155502319,-1
R_2bIZIiNtEsLq8cJ,Default Response Set,Anonymous,,,139.184.179.190,0,2015-03-19 13:04,2015-03-19 13:11,1,control,,1,82,1,4,4,2,1,4,5,2,6,6,2,2,6,3,11,5,3,16,8,4,1,50.82240295,-0.11050415,-1
R_3ypnXxxImtEdNiZ,Default Response Set,Anonymous,,,86.8.183.225,0,2015-03-19 13:29,2015-03-19 13:34,1,control,,1,83,1,5,5,3,3,4,4,3,5,5,2,2,5,2,11,4,11,11,7,3,1,50.82240295,-0.11050415,-1
R_cGzsVrzGYg6tnuZ,Default Response Set,Anonymous,,,139.184.223.166,0,2015-03-19 13:30,2015-03-19 13:37,1,control,,1,84,1,4,5,2,2,4,4,2,4,2,2,3,5,3,11,7,9,11,8,3,1,50.82460022,-0.155502319,-1
R_0jNbXpymwGNHOcJ,Default Response Set,Anonymous,,,130.243.160.182,0,2015-03-19 13:45,2015-03-19 13:51,1,control,,1,85,1,5,6,2,1,4,5,2,5,5,3,3,4,3,13,4,7,15,11,3,1,59.85850525,17.645401,-1
R_234BoDmqPv3CbGt,Default Response Set,Anonymous,,,139.184.223.160,0,2015-03-19 13:50,2015-03-19 13:54,1,control,,1,86,1,4,4,2,2,5,6,1,3,2,4,6,2,6,17,8,6,18,6,5,1,50.82460022,-0.155502319,-1
R_bC9SzTnCxJLAg6N,Default Response Set,Anonymous,,,139.184.180.107,0,2015-03-19 14:25,2015-03-19 14:35,1,control,,1,87,1,5,5,2,2,4,4,2,3,3,4,3,4,3,14,2,5,19,12,6,1,50.82460022,-0.155502319,-1
R_bBAII3y5FHy8B25,Default Response Set,Anonymous,,,139.184.223.184,0,2015-03-19 14:34,2015-03-19 14:39,1,control,,1,88,1,5,5,1,2,5,5,1,5,5,2,2,3,1,17,12,6,18,17,14,1,50.82460022,-0.155502319,-1
R_cZQZWYell4FllMV,Default Response Set,Anonymous,,,81.108.180.117,0,2015-03-19 11:20,2015-03-19 15:08,1,control,,1,89,1,3,4,2,2,3,4,3,6,5,2,1,5,2,8,2,4,15,15,18,1,50.82460022,-0.155502319,-1
R_eX50qr5x5MWZPxj,Default Response Set,Anonymous,,,86.7.225.49,0,2015-03-19 15:29,2015-03-19 15:33,1,control,,1,90,1,2,3,1,1,3,4,2,3,6,1,5,6,2,11,1,8,21,1,1,1,50.83329773,-0.149993896,-1
R_3KmQIo4M0B6r9SR,Default Response Set,Anonymous,,,139.184.181.101,0,2015-03-19 16:41,2015-03-19 16:45,1,control,,1,91,1,4,5,2,1,5,5,1,4,3,2,2,4,2,12,5,9,13,13,7,1,50.82460022,-0.155502319,-1
R_dnyJqtcZOphWPPf,Default Response Set,Anonymous,,,81.97.143.173,0,2015-03-19 17:31,2015-03-19 17:36,1,control,,1,92,1,3,4,2,2,4,4,2,4,4,2,2,4,2,10,1,1,18,19,4,1,50.82240295,-0.11050415,-1
R_9uxRAdRUz7aU22h,Default Response Set,Anonymous,,,81.108.177.17,0,2015-03-19 18:58,2015-03-19 19:01,1,control,,1,93,1,3,2,5,5,1,2,6,4,4,2,2,2,1,3,2,14,17,6,17,1,50.82460022,-0.155502319,-1
R_0kYt6pUyw65va6x,Default Response Set,Anonymous,,,86.132.38.48,0,2015-03-19 18:56,2015-03-19 19:09,1,control,,1,94,1,3,4,3,3,3,3,3,4,4,3,2,5,5,10,10,7,20,6,4,1,51.51420593,-0.093093872,-1
R_bEgjF9bp6QBF6YJ,Default Response Set,Anonymous,,,86.132.38.48,0,2015-03-19 19:10,2015-03-19 19:13,1,control,,1,95,1,3,5,3,2,4,2,3,5,5,2,2,5,2,7,4,4,17,6,3,1,51.51420593,-0.093093872,-1
R_eIJbJ97h2DT6IWV,Default Response Set,Anonymous,,,195.220.151.50,0,2015-03-19 20:12,2015-03-19 20:17,1,control,,1,96,1,5,4,3,3,4,6,3,6,4,2,1,3,4,16,6,5,8,13,17,1,-21.1000061,55.6000061,-1
R_2gmwinvkekEdRL7,Default Response Set,Anonymous,,,139.184.223.193,0,2015-03-19 22:24,2015-03-19 22:38,1,intervention,1,,97,,5,5,4,2,4,5,3,5,4,3,3,2,4,11,6,12,17,11,2,1,50.82460022,-0.155502319,-1
R_byLavExqe4F6Spf,Default Response Set,Anonymous,,,139.184.223.154,0,2015-03-19 23:35,2015-03-19 23:45,1,intervention,1,,98,,4,5,2,1,4,4,2,5,5,3,3,4,3,15,10,5,15,10,10,1,50.82460022,-0.155502319,-1
R_8rjhTIkoDqZtYsR,Default Response Set,Anonymous,,,81.106.148.184,0,2015-03-20 8:16,2015-03-20 8:23,1,intervention,1,,99,,5,5,2,2,4,5,3,4,4,3,3,3,3,16,4,12,17,12,9,1,50.82460022,-0.155502319,-1
R_cOLG0pAqs4feL2t,Default Response Set,Anonymous,,,86.18.214.219,0,2015-03-20 9:22,2015-03-20 9:28,1,intervention,1,,100,,5,5,2,2,4,4,3,4,4,3,3,4,3,11,7,5,15,11,13,1,50.82600403,-0.161193848,-1
R_3NRi1fo1CJ75CBv,Default Response Set,Anonymous,,,81.102.248.41,0,2015-03-20 9:55,2015-03-20 9:58,1,intervention,1,,101,,5,5,2,4,4,5,2,5,4,3,3,5,4,10,5,8,17,14,4,1,50.83329773,-0.149993896,-1
R_8CxMAq9yWpGp7sV,Default Response Set,Anonymous,,,139.184.177.158,0,2015-03-20 11:03,2015-03-20 11:08,1,intervention,1,,102,,3,5,3,2,6,6,3,6,5,2,2,3,3,14,5,11,17,17,8,1,50.83329773,-0.149993896,-1
R_5ARm0pj1s25z4jP,Default Response Set,Anonymous,,,139.184.179.195,0,2015-03-20 11:08,2015-03-20 11:13,1,intervention,1,,103,,4,4,3,3,4,4,3,4,4,3,4,4,3,11,4,5,18,6,2,1,50.82240295,-0.11050415,-1
R_cMevDyOMR1VA0YZ,Default Response Set,Anonymous,,,85.255.235.85,0,2015-03-20 12:27,2015-03-20 12:30,1,intervention,1,,104,,6,5,2,2,5,6,2,3,2,5,5,2,5,15,10,3,21,16,1,1,51.5,-0.130004883,-1
R_9FvV1TCioIikPHv,Default Response Set,Anonymous,,,85.76.110.40,0,2015-03-20 12:29,2015-03-20 12:36,1,intervention,1,,105,,4,4,3,2,5,5,2,4,4,4,4,3,4,13,9,8,16,14,7,1,60.17080688,24.9375,-1
R_cXVCORYXyxQlBWZ,Default Response Set,Anonymous,,,82.2.64.153,0,2015-03-20 12:53,2015-03-20 12:56,1,intervention,1,,106,,6,6,2,2,5,5,2,5,5,2,3,5,3,12,8,10,20,6,7,1,50.83329773,-0.149993896,-1
R_50veazGY80CBSlL,Default Response Set,Anonymous,,,139.184.80.19,0,2015-03-20 12:58,2015-03-20 13:00,1,intervention,1,,107,,3,3,2,4,2,4,4,5,5,2,2,2,2,7,2,9,19,7,4,1,51.5,-0.130004883,-1
R_3Idq3MiDY8C5DRH,Default Response Set,Anonymous,,,139.184.178.101,0,2015-03-20 16:28,2015-03-20 16:33,1,control,,1,108,1,5,5,2,2,4,6,1,4,4,4,4,4,4,10,5,11,18,14,5,1,50.82240295,-0.11050415,-1
R_6h5XNlDbDQuOWP3,Default Response Set,Anonymous,,,86.7.225.49,0,2015-03-20 16:45,2015-03-20 16:53,1,control,,1,109,1,5,4,2,1,4,5,2,4,3,2,3,2,2,15,5,5,15,10,10,1,50.83329773,-0.149993896,-1
R_6xpsSDGZsyYDTYF,Default Response Set,Anonymous,,,139.184.223.198,0,2015-03-20 20:07,2015-03-20 20:14,1,control,,1,110,1,5,5,5,5,3,3,5,6,6,1,1,6,1,17,8,11,21,15,15,1,50.82460022,-0.155502319,-1
R_d7mQuHo3lCCrDdb,Default Response Set,Anonymous,,,139.184.223.158,0,2015-03-20 21:17,2015-03-20 21:24,1,control,,1,111,1,6,6,1,1,4,5,1,4,4,2,1,4,2,10,2,6,11,8,2,1,50.82460022,-0.155502319,-1
R_br5sCx10EuljIjj,Default Response Set,Anonymous,,,86.26.236.176,0,2015-03-21 11:26,2015-03-21 11:35,1,intervention,1,,112,,4,4,2,2,4,4,2,5,2,4,3,2,3,12,3,2,19,5,3,1,50.82240295,-0.11050415,-1
R_9uztX21dnBHsEGp,Default Response Set,Anonymous,,,31.48.61.228,0,2015-03-21 11:30,2015-03-21 11:39,1,intervention,1,,113,,4,5,3,2,4,4,3,4,5,4,4,4,4,12,6,12,18,10,5,1,51.51420593,-0.093093872,-1
R_ageGTxTKH20bXSJ,Default Response Set,Anonymous,,,82.2.188.87,0,2015-03-21 11:48,2015-03-21 11:52,1,intervention,1,,114,,5,5,3,2,4,4,3,6,5,3,2,5,1,14,2,12,18,12,3,1,50.82460022,-0.155502319,-1
R_abgOguNpqgMK7Yx,Default Response Set,Anonymous,,,82.2.64.153,0,2015-03-21 12:11,2015-03-21 12:16,1,intervention,1,,115,,4,4,2,2,3,4,2,3,3,4,3,2,3,9,9,6,12,11,7,1,50.83329773,-0.149993896,-1
R_8lhIcqzZzQi0Iw5,Default Response Set,Anonymous,,,139.184.223.121,0,2015-03-21 12:38,2015-03-21 12:59,1,intervention,1,,116,,4,5,2,1,4,6,1,6,3,4,2,4,2,19,16,8,16,10,5,1,50.82460022,-0.155502319,-1
R_8dikNsFRMLw8V8x,Default Response Set,Anonymous,,,95.151.56.32,0,2015-03-21 13:11,2015-03-21 13:22,1,intervention,1,,117,,5,5,2,1,5,6,2,4,4,4,3,4,3,6,1,2,20,3,2,1,50.82240295,-0.11050415,-1
R_emoG6Sno9OAlK8l,Default Response Set,Anonymous,,,46.233.116.204,0,2015-03-21 14:27,2015-03-21 14:34,1,intervention,1,,118,,4,4,2,3,3,4,3,4,4,2,2,5,2,13,7,6,18,18,9,1,51.43330383,-0.316696167,-1
R_55vIRak12jYcOPP,Default Response Set,Anonymous,,,139.184.181.72,0,2015-03-21 15:06,2015-03-21 15:13,1,intervention,1,,119,,4,4,2,2,5,5,2,3,4,5,5,2,5,10,2,2,14,12,2,1,50.82460022,-0.155502319,-1
R_ei08mmXY6KgUS69,Default Response Set,Anonymous,,,169.234.171.12,0,2015-03-21 15:15,2015-03-21 15:18,1,intervention,1,,120,,3,5,3,1,5,5,1,6,6,1,5,6,1,10,21,1,15,21,21,1,33.64030457,-117.7694016,-1
R_0DnBPkGUcs0UIN7,Default Response Set,Anonymous,,,5.151.1.35,0,2015-03-21 15:45,2015-03-21 15:49,1,intervention,1,,121,,5,5,3,3,5,5,2,5,5,5,5,3,3,18,8,7,15,21,18,1,51.5,-0.130004883,-1
R_7X5OOyRz5OrH41L,Default Response Set,Anonymous,,,88.107.217.231,0,2015-03-21 16:46,2015-03-21 16:52,1,intervention,1,,122,,6,6,1,1,4,5,2,3,2,4,5,3,4,11,1,11,12,11,14,1,50.78329468,-0.649993896,-1
R_eCIDNM4g3HzDjnv,Default Response Set,Anonymous,,,139.184.181.169,0,2015-03-21 17:17,2015-03-21 17:27,1,intervention,1,,123,,4,4,3,2,4,4,2,5,4,2,2,5,2,13,5,12,16,16,5,1,50.82460022,-0.155502319,-1
R_a8FKbhBT2IZy8AZ,Default Response Set,Anonymous,,,80.6.233.166,0,2015-03-21 18:39,2015-03-21 18:48,1,intervention,1,,124,,5,5,2,1,5,5,4,5,4,3,3,5,5,12,2,8,9,8,13,1,50.82460022,-0.155502319,-1
R_3E0xRktobLEpZ7n,Default Response Set,Anonymous,,,46.116.211.139,0,2015-03-21 20:00,2015-03-21 20:06,1,intervention,1,,125,,6,6,1,1,3,4,3,1,1,3,6,1,3,4,2,4,15,2,2,1,32.06669617,34.76669312,-1
R_1yO17to7AJ81lM9,Default Response Set,Anonymous,,,81.97.143.1,0,2015-03-21 20:09,2015-03-21 20:13,1,intervention,1,,126,,5,5,2,2,4,4,2,5,5,2,2,5,4,8,8,11,21,8,2,1,50.82240295,-0.11050415,-1
R_dnfytU6rs0VHf1z,Default Response Set,Anonymous,,,86.18.210.12,0,2015-03-21 21:27,2015-03-21 21:39,1,intervention,1,,127,,2,3,4,5,2,4,4,5,3,3,2,4,3,13,2,3,16,11,7,1,50.82460022,-0.155502319,-1
R_cNlQiviV95RXoyx,Default Response Set,Anonymous,,,109.152.106.223,0,2015-03-21 22:51,2015-03-21 23:01,1,control,,1,128,1,5,5,5,5,5,5,5,5,5,5,5,5,5,8,9,10,11,12,13,1,51.48300171,-0.200805664,-1
R_emKkSRHOjM4UYpn,Default Response Set,Anonymous,,,139.184.223.237,0,2015-03-22 9:53,2015-03-22 10:01,1,control,,1,129,1,5,5,3,1,4,4,2,1,1,6,6,1,6,2,1,2,19,11,5,1,50.82460022,-0.155502319,-1
R_ahqH1xKRfxH5Mkl,Default Response Set,Anonymous,,,90.194.9.143,0,2015-03-22 10:02,2015-03-22 10:14,1,control,,1,130,1,3,3,4,4,3,3,4,5,5,4,3,4,3,7,7,3,21,4,4,1,51.38330078,0.516693115,-1
R_eKcbvNykWXO68pn,Default Response Set,Anonymous,,,86.10.166.207,0,2015-03-22 10:21,2015-03-22 10:28,1,control,,1,131,1,4,6,4,2,5,4,2,5,5,2,2,5,2,10,8,6,19,7,10,1,50.82460022,-0.155502319,-1
R_exHDrKelY6d77wx,Default Response Set,Anonymous,,,139.184.223.175,0,2015-03-22 12:51,2015-03-22 12:57,1,control,,1,132,1,4,4,2,2,4,5,2,4,3,3,3,4,4,7,10,10,16,18,14,1,50.82460022,-0.155502319,-1
R_3qlffA2veEXpOYt,Default Response Set,Anonymous,,,139.184.223.204,0,2015-03-22 14:31,2015-03-22 14:37,1,control,,1,133,1,3,4,3,2,3,4,2,5,5,2,3,5,2,12,6,10,5,4,3,1,50.82460022,-0.155502319,-1
R_6DX6RzTDQaZr6kJ,Default Response Set,Anonymous,,,81.106.126.52,0,2015-03-22 14:32,2015-03-22 14:39,1,control,,1,134,1,5,5,3,2,4,5,3,5,3,4,3,4,4,14,7,14,14,16,13,1,50.82460022,-0.155502319,-1
R_bKm6QI4BTdB1V6l,Default Response Set,Anonymous,,,212.175.32.139,0,2015-03-22 14:38,2015-03-22 14:42,1,control,,1,135,1,6,6,1,1,4,5,1,5,5,2,2,5,2,17,14,1,19,18,1,1,41.01860046,28.96470642,-1
R_dmzyN7M3mUzE2Xj,Default Response Set,Anonymous,,,86.27.87.70,0,2015-03-22 15:23,2015-03-22 15:26,1,control,,1,136,1,5,5,2,1,4,4,2,4,4,4,3,3,4,16,3,8,15,16,1,1,50.82460022,-0.155502319,-1
R_6ycfI6V3ejiCk61,Default Response Set,Anonymous,,,31.205.125.192,0,2015-03-22 14:53,2015-03-22 15:33,1,control,,1,137,1,4,5,2,2,4,4,2,5,4,2,2,4,3,12,2,2,16,15,6,1,50.82460022,-0.155502319,-1
R_1MOPi6oE8rt6M5v,Default Response Set,Anonymous,,,83.237.199.243,0,2015-03-22 15:09,2015-03-22 15:46,1,control,,1,138,1,6,6,1,1,6,6,1,6,6,2,1,6,1,9,4,11,18,12,6,1,55.75219727,37.61560059,-1
R_9t3F5DcNlkSqwJv,Default Response Set,Anonymous,,,82.24.15.74,0,2015-03-22 15:41,2015-03-22 15:52,1,control,,1,139,1,5,5,2,1,4,5,3,5,4,4,3,5,3,10,2,7,18,8,10,1,50.80000305,-0.366699219,-1
R_eIDGogS4aNpE7at,Default Response Set,Anonymous,,,139.184.223.157,0,2015-03-22 16:02,2015-03-22 16:07,1,control,,1,140,1,2,2,5,6,3,2,5,3,5,6,4,1,3,8,1,1,19,12,4,1,50.82460022,-0.155502319,-1
R_78s4v8DAFR8E9Ct,Default Response Set,Anonymous,,,139.184.223.141,0,2015-03-22 16:28,2015-03-22 16:33,1,control,,1,141,1,5,5,2,2,3,4,2,6,6,2,2,5,2,4,2,5,16,6,11,1,50.82460022,-0.155502319,-1
R_3EQVRSlbCGKrObr,Default Response Set,Anonymous,,,139.184.223.200,0,2015-03-22 16:57,2015-03-22 17:13,1,control,,1,142,1,5,6,1,2,3,5,4,3,4,4,3,4,5,5,1,1,17,10,5,1,50.82460022,-0.155502319,-1
R_0SXRkhz4gpYKNyB,Default Response Set,Anonymous,,,81.111.14.152,0,2015-03-22 17:28,2015-03-22 17:37,1,control,,1,143,1,4,4,3,3,4,3,2,3,4,2,3,6,3,11,6,10,4,8,2,1,50.82460022,-0.155502319,-1
R_abLnsHoyYHSz0qx,Default Response Set,Anonymous,,,139.184.223.184,0,2015-03-22 17:41,2015-03-22 17:47,1,control,,1,144,1,3,5,2,2,3,5,3,6,5,3,3,4,3,12,1,11,15,13,1,1,50.82460022,-0.155502319,-1
R_85IcGlGyoq0qUzb,Default Response Set,Anonymous,,,139.184.223.193,0,2015-03-22 17:40,2015-03-22 17:49,1,control,,1,145,1,3,4,2,2,4,4,2,4,4,2,2,5,3,10,3,5,15,10,10,1,50.82460022,-0.155502319,-1
R_eY63S9pX848Yiih,Default Response Set,Anonymous,,,139.184.223.162,0,2015-03-22 17:52,2015-03-22 18:03,1,control,,1,146,1,5,6,2,1,3,5,2,6,5,1,5,6,5,8,2,4,18,14,12,1,50.82460022,-0.155502319,-1
R_4ONmCEppMPb0nxH,Default Response Set,Anonymous,,,82.6.27.58,0,2015-03-22 18:15,2015-03-22 18:20,1,control,,1,147,1,4,4,2,2,3,3,3,3,4,3,2,4,3,15,1,11,16,16,10,1,50.82240295,-0.11050415,-1
R_3sHBxjXEu8eyjE9,Default Response Set,Anonymous,,,90.192.17.83,0,2015-03-22 18:23,2015-03-22 18:28,1,intervention,1,,148,,3,3,4,4,2,2,4,4,4,2,2,5,2,19,10,13,7,18,20,1,51.38330078,0.516693115,-1
R_6ik8pPrK3U2IQkJ,Default Response Set,Anonymous,,,75.147.140.162,0,2015-03-22 19:03,2015-03-22 19:07,1,intervention,1,,149,,4,5,2,2,4,4,4,4,4,3,3,4,3,11,6,11,11,7,4,1,37.86680603,-122.2536011,-1
R_eJUKOlqTwNNj2Pr,Default Response Set,Anonymous,,,139.184.223.180,0,2015-03-22 19:10,2015-03-22 19:17,1,intervention,1,,150,,5,5,2,2,4,4,3,6,6,2,3,6,2,16,3,6,21,18,8,1,50.82460022,-0.155502319,-1
R_abJUFp29mb5G52B,Default Response Set,Anonymous,,,86.174.123.216,0,2015-03-22 19:12,2015-03-22 19:18,1,intervention,1,,151,,5,4,2,2,3,4,2,5,5,5,4,4,4,14,5,12,18,18,14,1,54.98809814,-1.619400024,-1
R_9GHRKmYepnAUeSF,Default Response Set,Anonymous,,,139.184.223.224,0,2015-03-22 19:29,2015-03-22 19:35,1,intervention,1,,152,,4,4,3,3,5,6,2,5,6,2,2,6,6,15,3,3,14,14,3,1,50.82460022,-0.155502319,-1
R_bmE7brDHQcHdELb,Default Response Set,Anonymous,,,109.146.188.109,0,2015-03-22 20:17,2015-03-22 20:20,1,intervention,1,,153,,5,5,4,4,4,5,4,3,3,5,5,3,5,13,4,2,21,4,2,1,51.74899292,-3.405807495,-1
R_0esyOOfayNi7USp,Default Response Set,Anonymous,,,139.184.223.154,0,2015-03-22 20:54,2015-03-22 21:03,1,intervention,1,,154,,6,6,1,1,4,3,1,6,6,4,2,4,2,16,1,4,21,1,11,1,50.82460022,-0.155502319,-1
R_1G1t92R2RmigrMF,Default Response Set,Anonymous,,,139.184.223.155,0,2015-03-22 21:35,2015-03-22 21:47,1,intervention,1,,155,,4,4,3,3,3,5,4,5,4,2,3,3,2,3,1,4,10,2,18,1,50.82460022,-0.155502319,-1
R_8tW7XAWuEuGw4Tj,Default Response Set,Anonymous,,,31.49.18.211,0,2015-03-22 21:37,2015-03-22 21:52,1,intervention,1,,156,,5,5,3,2,4,4,3,4,5,3,3,4,4,10,10,6,20,12,10,1,51.19999695,-0.800003052,-1
R_bf1zQSGH0qDJEa1,Default Response Set,Anonymous,,,139.184.223.123,0,2015-03-22 23:08,2015-03-22 23:12,1,intervention,1,,157,,4,5,2,1,4,5,2,5,5,3,2,3,2,15,1,1,21,15,4,1,50.82460022,-0.155502319,-1
R_8qreuOXGv95stQV,Default Response Set,Anonymous,,,86.26.239.125,0,2015-03-23 0:26,2015-03-23 0:32,1,intervention,1,,158,,6,6,1,1,5,5,2,2,3,4,4,3,4,8,3,8,18,3,7,1,50.82240295,-0.11050415,-1
R_24fDkMMAT7guq45,Default Response Set,Anonymous,,,81.103.239.225,0,2015-03-23 0:54,2015-03-23 1:00,1,intervention,1,,159,,5,5,3,2,4,5,2,5,3,4,4,3,5,14,3,9,20,5,4,1,50.82240295,-0.11050415,-1
R_0BSiEy1dxHrGs0B,Default Response Set,Anonymous,,,81.108.180.94,0,2015-03-23 0:44,2015-03-23 1:02,1,intervention,1,,160,,4,4,3,3,3,4,3,4,3,3,3,3,4,13,7,4,18,11,4,1,50.82460022,-0.155502319,-1
R_1WSJv2PQwcJuxTv,Default Response Set,Anonymous,,,139.184.223.147,0,2015-03-23 1:47,2015-03-23 1:55,1,intervention,1,,161,,4,5,3,3,3,4,2,4,5,3,4,3,4,12,6,12,17,12,8,1,50.82460022,-0.155502319,-1
R_ex1rGvZfmT6H0Wx,Default Response Set,Anonymous,,,107.184.135.94,0,2015-03-23 2:48,2015-03-23 2:52,1,intervention,1,,162,,5,5,2,1,4,4,3,5,4,3,3,2,4,7,2,3,20,10,3,1,34.30209351,-118.7207947,-1
R_73RIJ8qFPaNrZhb,Default Response Set,Anonymous,,,169.234.167.35,0,2015-03-23 5:49,2015-03-23 5:59,1,intervention,1,,163,,3,2,3,4,3,3,4,6,2,6,6,1,6,15,15,15,15,15,17,1,33.64030457,-117.7694016,-1
R_39rblPMwBNMJzRX,Default Response Set,Anonymous,,,86.27.87.29,0,2015-03-23 8:24,2015-03-23 8:29,1,intervention,1,,164,,4,5,2,2,3,4,2,5,5,2,2,3,2,8,6,6,21,9,7,1,50.82460022,-0.155502319,-1
R_20q2CdTnKlN45wN,Default Response Set,Anonymous,,,86.129.195.131,0,2015-03-23 9:13,2015-03-23 9:19,1,intervention,1,,165,,5,5,2,1,3,4,1,6,6,2,2,6,2,15,4,3,19,18,11,1,50.8500061,0.600006104,-1
R_8i6tlR3oC9jd50p,Default Response Set,Anonymous,,,92.11.229.114,0,2015-03-23 9:33,2015-03-23 9:39,1,intervention,1,,166,,2,3,3,4,3,3,3,5,5,2,2,5,2,4,3,4,8,3,6,1,50.96670532,-0.133300781,-1
R_3DTfg9rE2GQDPKt,Default Response Set,Anonymous,,,139.184.176.79,0,2015-03-23 9:59,2015-03-23 10:01,1,intervention,1,,167,,3,4,5,5,3,3,4,6,5,2,2,5,3,4,4,7,8,10,15,1,50.82460022,-0.155502319,-1
R_0oe3GifBtBHNjw1,Default Response Set,Anonymous,,,108.59.8.217,0,2015-03-23 10:26,2015-03-23 10:38,1,intervention,1,,168,,4,4,2,2,2,4,5,2,3,4,5,2,5,12,4,15,14,10,10,1,38.79319763,-77.53659821,-1
R_bpDXyrEUflZnPud,Default Response Set,Anonymous,,,149.254.58.190,0,2015-03-23 11:03,2015-03-23 11:08,1,intervention,1,,169,,4,5,2,1,5,5,2,3,3,4,4,3,4,14,7,8,14,14,5,1,51.51420593,-0.093093872,-1
R_9obGI4XdPf5rqW9,Default Response Set,Anonymous,,,139.184.178.237,0,2015-03-23 11:18,2015-03-23 11:25,1,intervention,1,,170,,4,3,3,4,3,5,2,4,2,5,5,2,5,12,7,10,17,10,5,1,50.82240295,-0.11050415,-1
R_9memAkanMgW1sjP,Default Response Set,Anonymous,,,139.184.223.154,0,2015-03-23 11:24,2015-03-23 11:28,1,intervention,1,,171,,4,2,6,6,3,3,4,2,2,4,3,3,4,5,1,1,18,8,3,1,50.82460022,-0.155502319,-1
R_6SFamZO8qzIN7AF,Default Response Set,Anonymous,,,81.111.13.15,0,2015-03-23 11:21,2015-03-23 11:35,1,intervention,1,,172,,4,5,2,2,5,5,2,4,5,3,3,4,3,9,16,5,18,18,11,1,50.82240295,-0.11050415,-1
R_9T5Ylr2u75Pzwrj,Default Response Set,Anonymous,,,139.184.223.186,0,2015-03-23 11:34,2015-03-23 11:37,1,intervention,1,,173,,4,5,2,2,3,4,2,5,5,3,3,5,2,15,3,5,17,2,13,1,50.82460022,-0.155502319,-1
R_8vlGKsGFr0Vw3Pv,Default Response Set,Anonymous,,,213.205.251.226,0,2015-03-23 11:30,2015-03-23 11:38,1,intervention,1,,174,,4,5,2,2,4,4,3,3,3,5,3,3,4,13,7,2,10,10,3,1,51.51420593,-0.093093872,-1
R_6PbAK7Mx130wvHf,Default Response Set,Anonymous,,,139.184.223.194,0,2015-03-23 11:52,2015-03-23 11:58,1,intervention,1,,175,,4,4,3,3,4,4,3,5,5,2,2,5,2,14,14,9,18,17,21,1,50.82460022,-0.155502319,-1
R_8DpQArjAd9yhhOZ,Default Response Set,Anonymous,,,139.184.223.141,0,2015-03-23 12:00,2015-03-23 12:03,1,intervention,1,,176,,5,6,2,2,4,4,2,5,5,2,2,4,2,13,1,3,19,11,2,1,50.82460022,-0.155502319,-1
R_73QJ42PkVfmQVyl,Default Response Set,Anonymous,,,139.184.168.209,0,2015-03-23 12:03,2015-03-23 12:07,1,intervention,1,,177,,5,5,3,2,5,4,2,4,3,6,5,1,5,10,2,5,17,12,4,1,50.83329773,-0.149993896,-1
R_dmWMzDVWpl7kwL3,Default Response Set,Anonymous,,,2.216.239.144,0,2015-03-23 12:38,2015-03-23 12:42,1,intervention,1,,178,,4,4,2,2,5,5,1,5,4,2,2,5,3,11,3,2,8,9,1,1,51.51420593,-0.093093872,-1
R_d7rhTMzJAUbNCFD,Default Response Set,Anonymous,,,188.29.164.6,0,2015-03-23 13:49,2015-03-23 13:56,1,intervention,1,,179,,4,5,2,2,4,5,2,3,5,3,3,4,3,14,1,1,19,9,15,1,51.51420593,-0.093093872,-1
R_eA5W5b3SYx61W97,Default Response Set,Anonymous,,,82.2.67.120,0,2015-03-23 14:45,2015-03-23 14:51,1,intervention,1,,180,,5,5,2,1,4,6,1,6,5,1,1,6,1,13,3,6,18,5,1,1,50.83329773,-0.149993896,-1
R_5oKnHNDmvuhFc1v,Default Response Set,Anonymous,,,139.184.223.150,0,2015-03-23 14:48,2015-03-23 14:56,1,intervention,1,,181,,3,4,4,4,2,4,3,5,5,2,3,4,3,10,2,7,6,4,3,1,50.82460022,-0.155502319,-1
R_5je1IWEHvra58bP,Default Response Set,Anonymous,,,81.111.14.152,0,2015-03-23 15:12,2015-03-23 15:15,1,intervention,1,,182,,5,5,2,2,4,4,2,5,4,3,4,4,4,9,5,3,10,10,3,1,50.82460022,-0.155502319,-1
R_bpgtIjg9zAP6hdH,Default Response Set,Anonymous,,,31.48.67.102,0,2015-03-23 16:23,2015-03-23 16:30,1,control,,1,183,1,4,4,3,3,3,4,4,5,4,3,3,5,4,8,2,11,12,14,5,1,51.02830505,-0.097305298,-1
R_3ZVrNVk5jac8VF3,Default Response Set,Anonymous,,,139.184.181.84,0,2015-03-23 16:26,2015-03-23 16:33,1,control,,1,184,1,4,4,5,3,5,4,4,6,6,3,3,3,2,21,15,16,12,18,17,1,50.82460022,-0.155502319,-1
R_aaYg3CTmJbLVssl,Default Response Set,Anonymous,,,81.100.116.204,0,2015-03-23 17:02,2015-03-23 17:08,1,control,,1,185,1,2,2,5,5,2,3,5,5,5,3,3,4,3,14,3,11,16,7,2,1,50.83329773,-0.233306885,-1
R_8q4TSDSq87fgrKR,Default Response Set,Anonymous,,,139.184.181.104,0,2015-03-23 17:24,2015-03-23 17:31,1,control,,1,186,1,6,6,1,1,4,5,3,3,3,3,1,5,3,7,2,4,20,3,4,1,50.82460022,-0.155502319,-1
R_81zWcRBQKPqhqjr,Default Response Set,Anonymous,,,139.184.223.176,0,2015-03-23 17:59,2015-03-23 18:11,1,control,,1,187,1,4,4,2,2,4,4,3,4,4,3,3,4,3,12,12,12,20,13,9,1,50.82460022,-0.155502319,-1
R_a3sgXpcMM46dlmR,Default Response Set,Anonymous,,,151.226.127.208,0,2015-03-23 20:12,2015-03-23 20:25,1,control,,1,188,1,5,4,2,1,4,4,2,6,6,1,1,6,1,13,4,6,18,10,3,1,50.82460022,-0.155502319,-1
R_5psfNfyvfXoPQbj,Default Response Set,Anonymous,,,139.184.181.59,0,2015-03-23 20:49,2015-03-23 20:59,1,control,,1,189,1,6,6,1,1,4,4,2,3,4,4,4,3,3,18,6,18,19,16,21,1,50.82460022,-0.155502319,-1
R_8HD7MVyvVBlLxsh,Default Response Set,Anonymous,,,139.184.223.196,0,2015-03-23 21:06,2015-03-23 21:10,1,control,,1,190,1,5,5,2,1,5,6,2,4,2,5,3,2,4,8,10,11,18,11,6,1,50.82460022,-0.155502319,-1
R_9nNkcyI1GVLhK9D,Default Response Set,Anonymous,,,86.18.214.248,0,2015-03-23 22:01,2015-03-23 22:05,1,control,,1,191,1,5,6,4,2,5,6,3,4,5,4,3,5,2,14,4,2,21,16,7,1,50.82460022,-0.155502319,-1
R_7OHLWfAZZNfNEDX,Default Response Set,Anonymous,,,86.8.187.32,0,2015-03-23 21:59,2015-03-23 22:07,1,control,,1,192,1,4,4,3,2,3,3,3,5,5,2,2,5,3,16,1,5,19,15,10,1,50.83329773,-0.149993896,-1
R_6QBtrv87xhh9KpD,Default Response Set,Anonymous,,,31.205.125.195,0,2015-03-23 22:12,2015-03-23 22:17,1,control,,1,193,1,5,5,2,1,4,2,3,6,6,1,2,6,2,10,4,12,16,11,10,1,50.82460022,-0.155502319,-1
R_1zFJQBqmoRxwyCF,Default Response Set,Anonymous,,,139.184.223.225,0,2015-03-23 22:16,2015-03-23 22:22,1,control,,1,194,1,4,5,3,2,4,4,2,4,4,3,3,4,2,8,3,8,16,12,12,1,50.82460022,-0.155502319,-1
R_egrZ1OyD6dqctWR,Default Response Set,Anonymous,,,139.184.224.28,0,2015-03-23 22:28,2015-03-23 22:39,1,control,,1,195,1,6,6,1,1,6,6,1,6,4,4,4,2,3,16,16,16,16,12,7,1,50.83329773,-0.149993896,-1
R_6WhdIhtAN6VumVf,Default Response Set,Anonymous,,,151.226.126.195,0,2015-03-23 23:50,2015-03-23 23:58,1,control,,1,196,1,5,5,2,2,3,3,3,4,5,3,3,4,3,7,4,2,8,6,2,1,51.11669922,-0.183303833,-1
R_eRIKMZft24iryJv,Default Response Set,Anonymous,,,81.97.140.78,0,2015-03-23 23:55,2015-03-23 23:59,1,control,,1,197,1,5,6,4,2,3,4,2,6,5,3,2,3,3,12,6,16,18,8,10,1,50.82240295,-0.11050415,-1
R_1LcbAFqjHn1PBNb,Default Response Set,Anonymous,,,50.174.127.89,0,2015-03-30 10:38,2015-03-30 10:45,1,intervention,1,,198,,6,6,2,1,4,5,2,5,5,2,3,6,3,14,5,14,15,14,11,1,37.86720276,-122.2568054,-1
R_9YPxlDyNdzZkLoV,Default Response Set,Anonymous,,,139.184.223.178,0,2015-03-30 10:39,2015-03-30 10:52,1,intervention,1,,199,,1,1,3,4,6,5,3,4,3,3,3,4,3,16,12,11,14,14,11,1,50.82460022,-0.155502319,-1
R_b9QMqieiveU5LpP,Default Response Set,Anonymous,,,90.222.30.240,0,2015-03-30 10:38,2015-03-30 10:57,1,intervention,1,,200,,5,5,2,2,5,4,2,2,2,5,5,2,4,14,7,4,19,13,3,1,51.13330078,0.283294678,-1
R_55sHX2mcGGD1G05,Default Response Set,Anonymous,,,81.101.245.11,0,2015-03-30 11:59,2015-03-30 12:06,1,intervention,1,,201,,4,5,3,2,4,5,3,4,4,3,3,4,4,12,3,3,15,11,6,1,50.83329773,-0.149993896,-1
R_bJU2mDUWLfFWSk5,Default Response Set,Anonymous,,,193.0.101.221,0,2015-03-30 12:05,2015-03-30 12:17,1,intervention,1,,202,,5,5,2,2,5,6,2,5,5,1,1,5,2,15,10,9,16,13,11,1,52.25,21,-1
R_3wTSTv0ai0EqVOB,Default Response Set,Anonymous,,,82.17.16.50,0,2015-03-30 12:23,2015-03-30 12:48,1,intervention,1,,203,,4,4,2,2,4,4,3,6,5,2,1,6,2,14,2,3,20,12,4,1,50.82460022,-0.155502319,-1
R_9yR4wSNNsI5jaPr,Default Response Set,Anonymous,,,139.184.223.126,0,2015-03-30 13:39,2015-03-30 13:42,1,intervention,1,,204,,5,5,2,2,5,5,2,6,6,1,2,5,2,12,1,3,20,11,11,1,50.82460022,-0.155502319,-1
R_8B57dxgW1fr9BFb,Default Response Set,Anonymous,,,86.31.122.84,0,2015-03-30 13:22,2015-03-30 13:48,1,intervention,1,,205,,5,5,1,1,4,4,2,4,2,3,3,4,3,10,5,2,18,8,1,1,50.83329773,-0.149993896,-1
R_cGR8qjqj5HEmBvf,Default Response Set,Anonymous,,,82.69.100.239,0,2015-03-30 14:58,2015-03-30 15:03,1,control,,1,206,1,5,5,3,2,4,4,2,4,4,2,2,3,2,12,3,7,15,16,10,1,51.46670532,-0.333297729,-1
R_d4DbWjgE2c8x737,Default Response Set,Anonymous,,,24.165.84.72,0,2015-03-30 17:54,2015-03-30 17:58,1,control,,1,207,1,4,4,2,4,2,4,3,3,3,3,3,3,3,10,2,5,8,8,3,1,32.85940552,-117.2072983,-1
R_3duFrQIWoOHV9eB,Default Response Set,Anonymous,,,81.108.79.29,0,2015-03-30 20:30,2015-03-30 20:40,1,control,,1,208,1,3,3,4,4,2,4,4,3,2,3,3,2,3,15,2,11,18,15,19,1,51.67219543,-0.529907227,-1
R_0xsMg7GyK0MMiJD,Default Response Set,Anonymous,,,108.246.218.16,0,2015-03-31 3:46,2015-03-31 4:10,1,control,,1,209,1,5,5,2,2,4,6,2,6,6,1,1,6,1,15,5,5,15,13,17,1,33.71000671,-117.9477997,-1
R_efYIpqUoVxWibB3,Default Response Set,Anonymous,,,139.184.223.171,0,2015-03-31 8:44,2015-03-31 8:52,1,control,,1,210,1,4,4,2,2,4,4,2,4,4,3,4,3,3,8,4,9,14,12,9,1,50.82460022,-0.155502319,-1
R_0jIxjAjEp9V1EoZ,Default Response Set,Anonymous,,,81.135.193.154,0,2015-03-31 10:26,2015-03-31 10:31,1,control,,1,211,1,5,5,2,2,5,4,2,5,5,2,2,4,4,5,2,6,15,5,3,1,50.8500061,0.566696167,-1
R_5nl74vzYsbRV9kN,Default Response Set,Anonymous,,,139.184.179.187,0,2015-03-31 12:00,2015-03-31 12:09,1,intervention,1,,212,,4,5,3,2,4,4,2,5,4,3,3,5,2,10,7,7,12,5,6,1,50.82460022,-0.155502319,-1
R_bjcQrUoHBNZVq17,Default Response Set,Anonymous,,,139.184.182.45,0,2015-03-31 12:12,2015-03-31 12:16,1,intervention,1,,213,,5,5,2,2,4,4,3,5,5,2,2,6,2,11,1,4,17,7,3,1,51.6499939,-0.166702271,-1
R_4GdNue6BkarIw5f,Default Response Set,Anonymous,,,139.184.176.34,0,2015-03-31 12:36,2015-03-31 12:42,1,intervention,1,,214,,5,6,2,1,4,5,3,6,5,3,3,4,3,11,3,4,16,8,3,1,50.82460022,-0.155502319,-1
R_8uDuUYRzljpnzLL,Default Response Set,Anonymous,,,87.252.46.242,0,2015-03-31 13:16,2015-03-31 13:25,1,intervention,1,,215,,6,6,1,1,3,4,3,5,5,3,4,5,3,2,2,2,21,2,2,1,50.82460022,-0.155502319,-1
R_cJeTTgpsypwrlLn,Default Response Set,Anonymous,,,80.6.235.229,0,2015-03-31 13:41,2015-03-31 13:59,1,intervention,1,,216,,4,4,2,2,4,5,2,4,4,3,2,5,2,5,1,1,10,6,9,1,50.83329773,-0.149993896,-1
R_6xpQZwtGyNINwGh,Default Response Set,Anonymous,,,139.184.223.157,0,2015-03-31 14:20,2015-03-31 14:30,1,intervention,1,,217,,5,5,2,2,4,5,2,6,6,2,2,6,2,8,1,4,18,2,7,1,50.82460022,-0.155502319,-1
R_acacBgVFiCg5qIJ,Default Response Set,Anonymous,,,139.184.181.40,0,2015-03-31 15:08,2015-03-31 15:12,1,intervention,1,,218,,4,5,2,2,4,3,2,5,5,2,3,5,2,11,4,9,19,8,2,1,50.82460022,-0.155502319,-1
R_3lSpY3ffuvQSztj,Default Response Set,Anonymous,,,139.184.223.190,0,2015-03-31 16:18,2015-03-31 16:28,1,intervention,1,,219,,5,5,2,2,5,5,2,5,5,2,2,3,2,7,3,7,20,7,5,1,50.82460022,-0.155502319,-1
R_2obZIc4TvniAWkR,Default Response Set,Anonymous,,,139.184.223.129,0,2015-03-31 16:29,2015-03-31 16:36,1,control,,1,220,1,4,5,4,4,4,4,4,5,6,5,3,4,3,10,12,8,15,10,19,1,50.82460022,-0.155502319,-1
R_85FnhrXcLUL3IBn,Default Response Set,Anonymous,,,82.2.174.206,0,2015-03-31 18:21,2015-03-31 18:34,1,control,,1,221,1,4,3,4,4,2,3,4,3,5,4,4,3,4,7,3,12,17,19,21,1,50.82460022,-0.155502319,-1
R_0oVUhyOFC4VZ88t,Default Response Set,Anonymous,,,81.111.15.47,0,2015-03-31 18:12,2015-03-31 19:05,1,control,,1,222,1,3,3,4,3,4,3,3,5,5,3,3,5,3,13,6,10,19,15,10,1,50.82240295,-0.11050415,-1
R_0kcgjFeD73ek6BD,Default Response Set,Anonymous,,,94.118.128.34,0,2015-03-31 19:11,2015-03-31 19:18,1,control,,1,223,1,6,4,3,3,3,4,2,4,5,5,3,4,4,13,3,8,15,13,16,1,51.6499939,-0.199996948,-1
R_1zhjsNAcU8cTuEB,Default Response Set,Anonymous,,,5.62.8.99,0,2015-03-31 19:20,2015-03-31 19:24,1,control,,1,224,1,4,5,2,2,4,5,2,3,4,3,3,2,3,16,6,5,8,12,4,1,51.51420593,-0.093093872,-1
R_8JumPta2rVGQREN,Default Response Set,Anonymous,,,86.18.210.246,0,2015-03-31 19:17,2015-03-31 19:33,1,control,,1,225,1,3,4,3,3,4,4,3,5,3,3,3,4,3,11,2,3,14,4,2,1,50.82460022,-0.155502319,-1
R_bHNFpAzAbxz8a6F,Default Response Set,Anonymous,,,128.32.21.92,0,2015-03-31 22:08,2015-03-31 22:15,1,control,,1,226,1,6,6,2,2,4,5,3,4,4,2,2,3,3,15,8,11,15,13,13,1,37.86680603,-122.2536011,-1
R_8uJz0WfNfNj6YlL,Default Response Set,Anonymous,,,139.184.223.237,0,2015-03-31 22:33,2015-03-31 22:42,1,intervention,1,,227,,5,5,4,4,4,4,4,4,4,3,3,4,4,13,7,11,15,15,18,1,50.82460022,-0.155502319,-1
R_a4R5m2gR3xvrebX,Default Response Set,Anonymous,,,86.26.237.154,0,2015-04-01 9:05,2015-04-01 9:16,1,intervention,1,,228,,4,3,3,3,4,4,3,5,4,2,3,4,2,13,9,11,16,16,11,1,50.83329773,-0.149993896,-1
R_1I9LzUPVnNCQlJX,Default Response Set,Anonymous,,,139.184.223.129,0,2015-04-01 10:24,2015-04-01 10:28,1,intervention,1,,229,,4,4,3,2,5,5,2,5,5,1,1,6,2,15,12,2,16,21,14,1,50.82460022,-0.155502319,-1
R_8f4PIdPsm34dnRH,Default Response Set,Anonymous,,,86.5.71.107,0,2015-04-01 11:24,2015-04-01 11:29,1,control,,1,230,1,5,5,2,2,5,5,2,5,5,2,3,5,2,18,3,13,17,7,19,1,50.82460022,-0.155502319,-1
R_efEzWfNpZtyR8eV,Default Response Set,Anonymous,,,139.184.223.195,0,2015-04-01 11:27,2015-04-01 11:32,1,control,,1,231,1,3,3,2,2,3,5,3,5,4,2,3,5,3,8,2,6,16,11,9,1,50.82460022,-0.155502319,-1
R_erqVDLLUkOsmvRP,Default Response Set,Anonymous,,,86.26.131.246,0,2015-04-01 11:39,2015-04-01 11:42,1,control,,1,232,1,6,6,2,2,5,5,3,6,5,3,4,5,4,12,9,11,16,10,17,1,50.82600403,-0.161193848,-1
R_0dCNeynsRC9wQuN,Default Response Set,Anonymous,,,82.2.174.66,0,2015-04-01 11:49,2015-04-01 11:54,1,control,,1,233,1,4,4,3,2,4,4,3,4,3,4,4,3,3,11,11,9,18,12,4,1,50.82460022,-0.155502319,-1
R_cCowhcLyIfPjuO9,Default Response Set,Anonymous,,,139.184.223.157,0,2015-04-01 11:34,2015-04-01 11:56,1,control,,1,234,1,6,6,2,1,5,6,2,2,3,4,4,2,5,14,5,10,16,10,2,1,50.82460022,-0.155502319,-1
R_eLGRBgkikigOKuF,Default Response Set,Anonymous,,,92.20.136.81,0,2015-04-01 11:59,2015-04-01 12:04,1,control,,1,235,1,4,4,2,2,5,5,3,5,5,2,3,4,2,15,5,5,21,10,5,1,51.26669312,0.516693115,-1
R_4ZS8z9OiO2lJ1Od,Default Response Set,Anonymous,,,139.184.176.50,0,2015-04-01 12:07,2015-04-01 12:10,1,control,,1,236,1,2,3,3,2,3,3,2,3,3,2,3,2,2,14,15,15,14,12,12,1,50.82460022,-0.155502319,-1
R_0DqsGbDXN4Exc5T,Default Response Set,Anonymous,,,92.19.151.197,0,2015-04-01 12:14,2015-04-01 12:21,1,control,,1,237,1,3,3,2,2,3,3,4,4,4,2,2,4,2,11,3,6,21,10,4,1,51.11669922,-0.183303833,-1
R_78xNgWU0C07zFfT,Default Response Set,Anonymous,,,139.184.223.197,0,2015-04-01 12:19,2015-04-01 12:24,1,control,,1,238,1,5,6,2,1,4,6,3,6,6,2,2,4,4,9,1,12,19,6,4,1,50.82460022,-0.155502319,-1
R_0UFOcuNxdngn2Sh,Default Response Set,Anonymous,,,213.205.233.169,0,2015-04-01 12:47,2015-04-01 12:58,1,intervention,1,,239,,3,4,5,3,4,4,3,4,4,3,3,4,3,13,8,3,11,12,8,1,51.5,-0.130004883,-1
R_5aqacQCyTG49yGF,Default Response Set,Anonymous,,,86.24.10.69,0,2015-04-01 12:52,2015-04-01 12:58,1,intervention,1,,240,,6,6,1,1,3,5,3,6,6,4,3,4,2,10,2,6,16,4,2,1,50.83329773,-0.149993896,-1
R_8wsMcd7jEnaQbHv,Default Response Set,Anonymous,,,139.184.223.124,0,2015-04-01 13:12,2015-04-01 13:46,1,intervention,1,,241,,4,4,3,2,2,4,3,4,2,3,2,4,3,4,1,11,14,5,2,1,50.82460022,-0.155502319,-1
R_9WYbpKjpHmcEPmR,Default Response Set,Anonymous,,,82.132.233.57,0,2015-04-01 14:07,2015-04-01 14:17,1,intervention,1,,242,,6,6,2,1,5,6,1,3,5,4,3,4,4,16,14,4,16,16,6,1,51.51420593,-0.093093872,-1
R_1GtFqdu4QdnwlOl,Default Response Set,Anonymous,,,139.184.223.177,0,2015-04-01 15:06,2015-04-01 15:19,1,intervention,1,,243,,6,6,2,1,5,5,2,6,6,2,2,6,2,17,5,13,15,14,11,1,50.82460022,-0.155502319,-1
R_2ov1tspoLdXznlH,Default Response Set,Anonymous,,,139.184.223.127,0,2015-04-01 16:35,2015-04-01 16:41,1,intervention,1,,244,,5,5,2,2,4,5,2,1,1,5,5,1,5,5,5,8,20,5,3,1,50.82460022,-0.155502319,-1
R_bynjnWPRtcqX7BX,Default Response Set,Anonymous,,,76.95.224.123,0,2015-04-01 17:12,2015-04-01 17:17,1,intervention,1,,245,,5,4,2,2,4,5,2,6,6,2,2,4,2,11,3,3,20,8,10,1,34.08630371,-118.4896011,-1
R_43okzORdcB8Vi1T,Default Response Set,Anonymous,,,139.184.223.158,0,2015-04-01 16:59,2015-04-01 17:19,1,intervention,1,,246,,4,4,3,2,3,5,4,4,5,1,1,6,2,10,5,1,18,15,16,1,50.82460022,-0.155502319,-1
R_1yJtYWWQfCU9F65,Default Response Set,Anonymous,,,86.31.122.225,0,2015-04-08 12:27,2015-04-08 12:31,1,control,,1,247,1,6,6,6,6,6,6,2,4,4,2,2,4,2,12,8,5,21,18,11,1,50.83329773,-0.149993896,-1
R_56dGTt6eZH1KZsp,Default Response Set,Anonymous,,,95.145.189.183,0,2015-04-08 12:31,2015-04-08 12:36,1,control,,1,248,1,4,2,4,2,4,4,3,6,3,5,3,3,4,9,4,8,18,14,8,1,51.02830505,-0.097305298,-1
R_0MLgfRtxFeDj8yx,Default Response Set,Anonymous,,,81.106.124.192,0,2015-04-08 12:40,2015-04-08 12:44,1,control,,1,249,1,4,5,3,2,3,4,4,4,5,3,2,5,2,5,5,5,18,5,2,1,50.82460022,-0.155502319,-1
R_erhnPREaMZzZJFb,Default Response Set,Anonymous,,,139.184.223.201,0,2015-04-08 12:27,2015-04-08 12:50,1,control,,1,250,1,5,4,3,2,5,4,2,4,3,3,5,2,4,7,1,10,20,7,6,1,50.82460022,-0.155502319,-1
R_b1rvHADIPiExaxT,Default Response Set,Anonymous,,,86.189.135.169,0,2015-04-08 12:48,2015-04-08 12:52,1,control,,1,251,1,5,5,2,2,4,4,3,4,3,4,4,2,4,16,4,8,13,13,8,1,52.03329468,-0.699996948,-1
R_eRRNDVzOb4sX6Bv,Default Response Set,Anonymous,,,95.145.60.24,0,2015-04-08 12:48,2015-04-08 12:53,1,control,,1,252,1,5,5,2,2,4,4,3,5,5,3,2,4,3,12,4,10,13,9,2,1,51.31669617,-0.266693115,-1
R_eFhOXqaAjXV5HAF,Default Response Set,Anonymous,,,81.108.179.158,0,2015-04-08 12:49,2015-04-08 12:58,1,control,,1,253,1,5,6,2,1,4,4,5,4,4,3,3,5,4,18,3,13,14,17,12,1,50.82460022,-0.155502319,-1
R_8AGHhe0LwMcmhqR,Default Response Set,Anonymous,,,188.29.165.89,0,2015-04-08 12:48,2015-04-08 13:00,1,control,,1,254,1,5,5,1,1,4,4,3,5,5,4,4,4,4,13,5,4,16,9,6,1,51.51420593,-0.093093872,-1
R_1WYHDFgbJWGTt1X,Default Response Set,Anonymous,,,81.103.239.23,0,2015-04-08 12:58,2015-04-08 13:05,1,control,,1,255,1,4,4,3,2,4,5,3,5,5,2,4,5,3,15,8,2,16,17,7,1,50.82240295,-0.11050415,-1
R_br6Lqt28acRg0ap,Default Response Set,Anonymous,,,185.41.46.57,0,2015-04-08 12:57,2015-04-08 13:09,1,control,,1,256,1,4,5,2,2,3,3,3,6,6,1,1,6,1,12,1,1,15,5,2,1,50.83329773,4.333297729,-1
R_ezyrMKfCltnvYGx,Default Response Set,Anonymous,,,139.184.223.180,0,2015-04-08 13:24,2015-04-08 13:31,1,control,,1,257,1,5,5,2,2,3,4,3,4,4,3,3,4,3,6,2,2,17,10,11,1,50.82460022,-0.155502319,-1
R_3lSAgaWf7nudsNL,Default Response Set,Anonymous,,,139.184.181.97,0,2015-04-08 13:24,2015-04-08 13:33,1,control,,1,258,1,4,4,3,2,3,4,4,4,4,3,2,4,3,4,3,3,5,4,2,1,50.82460022,-0.155502319,-1
R_bDFpZN8bevNHMYR,Default Response Set,Anonymous,,,139.184.223.135,0,2015-04-08 13:29,2015-04-08 13:34,1,control,,1,259,1,5,6,2,1,4,5,2,4,4,2,2,4,2,15,2,6,16,16,11,1,50.82460022,-0.155502319,-1
R_a4B9CqTRjgwpGhn,Default Response Set,Anonymous,,,139.184.223.141,0,2015-04-08 13:26,2015-04-08 13:38,1,control,,1,260,1,3,4,4,3,4,4,3,4,3,4,2,6,5,16,6,9,19,20,11,1,50.82460022,-0.155502319,-1
R_byiTbwx5lX2o5et,Default Response Set,Anonymous,,,139.184.223.145,0,2015-04-08 13:57,2015-04-08 14:12,1,intervention,1,,261,,3,2,5,5,3,4,2,4,4,2,3,5,3,16,7,7,20,5,2,1,50.82460022,-0.155502319,-1
R_6KgQbVzNRmWB2MR,Default Response Set,Anonymous,,,139.184.223.193,0,2015-04-08 12:59,2015-04-08 14:15,1,control,,1,262,1,6,6,4,4,4,5,3,4,4,3,4,4,5,10,5,11,18,11,8,1,50.82460022,-0.155502319,-1
R_0wwobhxig04oaYB,Default Response Set,Anonymous,,,86.15.85.16,0,2015-04-08 14:37,2015-04-08 14:47,1,intervention,1,,263,,5,5,3,2,4,4,3,4,3,5,4,3,5,15,18,12,10,16,17,1,50.85229492,-0.94039917,-1
R_25nYjSe8TiAKsn3,Default Response Set,Anonymous,,,31.205.125.192,0,2015-04-08 14:48,2015-04-08 14:55,1,intervention,1,,264,,4,5,3,1,4,4,2,5,4,4,3,4,4,11,7,12,11,12,10,1,50.82460022,-0.155502319,-1
R_1GM7Akb2o9efN9r,Default Response Set,Anonymous,,,139.184.179.177,0,2015-04-08 14:54,2015-04-08 15:11,1,intervention,1,,265,,5,6,1,1,4,5,2,4,3,4,4,5,3,16,2,8,15,10,7,1,50.82460022,-0.155502319,-1
R_2rB3ziIbxAxvlrv,Default Response Set,Anonymous,,,62.49.138.49,0,2015-04-08 14:46,2015-04-08 15:20,1,intervention,1,,266,,5,4,2,3,5,5,2,4,5,3,3,4,2,14,2,4,12,10,6,1,51.51420593,-0.093093872,-1
R_e2M4nWkrFejkePP,Default Response Set,Anonymous,,,86.26.131.170,0,2015-04-08 15:41,2015-04-08 15:48,1,intervention,1,,267,,3,4,3,5,2,1,4,6,6,1,1,6,2,4,6,17,3,15,20,1,50.83329773,-0.149993896,-1
R_3z3uOWecq0QJnUh,Default Response Set,Anonymous,,,46.208.54.187,0,2015-04-08 15:52,2015-04-08 15:56,1,intervention,1,,268,,3,5,1,1,3,4,3,6,2,2,2,5,2,6,1,4,10,2,1,1,51.5,-0.130004883,-1
R_6wZpmq9wbuEtJFr,Default Response Set,Anonymous,,,31.205.125.195,0,2015-04-08 15:47,2015-04-08 15:57,1,intervention,1,,269,,4,4,2,1,2,5,4,6,6,2,2,6,2,10,5,3,13,9,3,1,50.82460022,-0.155502319,-1
R_6KI059LlCelQlRX,Default Response Set,Anonymous,,,169.232.220.193,0,2015-04-08 17:07,2015-04-08 17:11,1,intervention,1,,270,,5,5,2,2,4,5,2,6,6,1,1,5,1,20,2,18,10,16,16,1,33.78660583,-118.2986984,-1
R_2tNiZk8Hmtb5flr,Default Response Set,Anonymous,,,81.102.251.159,0,2015-04-08 17:22,2015-04-08 17:26,1,intervention,1,,271,,6,6,2,1,4,5,2,5,5,4,4,5,2,12,8,15,15,12,6,1,50.82240295,-0.11050415,-1
R_ea3HFCgGPoPpeoB,Default Response Set,Anonymous,,,139.184.180.16,0,2015-04-08 17:21,2015-04-08 17:27,1,intervention,1,,272,,5,5,2,1,5,5,1,4,4,2,2,4,2,16,16,3,14,11,10,1,50.82460022,-0.155502319,-1
R_3xehRsCRtg6c3PL,Default Response Set,Anonymous,,,86.173.118.228,0,2015-04-08 17:41,2015-04-08 17:49,1,intervention,1,,273,,5,5,5,1,5,4,1,5,5,1,2,5,2,16,2,11,10,5,4,1,50.82240295,-0.11050415,-1
R_eRNJbwjWWV1w1sp,Default Response Set,Anonymous,,,86.173.118.228,0,2015-04-08 17:39,2015-04-08 17:49,1,intervention,1,,274,,4,4,2,1,4,6,2,4,5,2,2,5,2,18,13,11,14,16,5,1,50.82240295,-0.11050415,-1
R_9pIMYbTRYCN8SNf,Default Response Set,Anonymous,,,136.152.142.46,0,2015-04-08 18:16,2015-04-08 18:21,1,intervention,1,,275,,5,5,2,2,4,5,2,5,5,4,4,2,4,8,3,6,16,11,13,1,37.86680603,-122.2536011,-1
R_0lBrktUk8KzALKB,Default Response Set,Anonymous,,,85.210.149.84,0,2015-04-08 19:16,2015-04-08 19:24,1,intervention,1,,276,,5,5,1,1,3,5,3,6,6,1,4,3,5,13,5,10,18,19,1,1,51.3999939,-0.166702271,-1